dataset,method,metric,mean,std,accuracy,cost,time (s),MSE (scaled)
Letter prediction,passive,F1 (macro),0.9242,0.0284,0.9238,1.0,4.7,
Letter prediction,sasla,F1 (macro),0.928,0.0267,0.9276,0.87,13.5,
Letter prediction,alus,F1 (macro),0.9237,0.0305,0.9257,0.35,1.6,
Letter prediction,random,F1 (macro),0.8892,0.0308,0.8905,0.35,1.7,
Bank Marketing,passive,F1 (macro),0.6339,0.0761,0.9086,1.0,1.4,
Bank Marketing,sasla,F1 (macro),0.6325,0.0985,0.9057,0.8,1.2,
Bank Marketing,alus,F1 (macro),0.6194,0.0888,0.901,0.42,0.6,
Bank Marketing,random,F1 (macro),0.6006,0.0754,0.9038,0.42,0.6,
Bankruptcy prediction,passive,F1 (macro),0.6571,0.1031,0.959,1.0,1.6,
Bankruptcy prediction,sasla,F1 (macro),0.6255,0.0805,0.9533,0.34,0.7,
Bankruptcy prediction,alus,F1 (macro),0.6099,0.112,0.9571,0.35,0.6,
Bankruptcy prediction,random,F1 (macro),0.5946,0.0989,0.9467,0.35,0.6,
Crime,passive,R2,0.6785,0.0535,,1.0,1.6,0.3213
Crime,sasla,R2,0.6782,0.0506,,1.0,1.7,0.322
Crime,alus,R2,0.6672,0.051,,0.35,4.2,0.3332
Crime,random,R2,0.6634,0.0459,,0.35,0.6,0.3357
Football Salary,passive,R2,0.0226,0.1375,,1.0,1.5,0.9679
Football Salary,sasla,R2,0.0334,0.1352,,1.0,1.5,0.9732
Football Salary,alus,R2,0.0217,0.1045,,0.35,3.9,0.975
Football Salary,random,R2,0.0013,0.1228,,0.35,0.5,0.9776
Medical Insurance,passive,R2,0.8484,0.0581,,1.0,1.3,0.1476
Medical Insurance,sasla,R2,0.8482,0.0574,,1.0,1.3,0.1481
Medical Insurance,alus,R2,0.8464,0.0595,,0.42,2.2,0.1501
Medical Insurance,random,R2,0.8401,0.0599,,0.42,0.5,0.1558
